Time (ms),Rod Temperature,Green Cord Temperature,Average Temperature,Shade Openness,Motor Angle,Target Temperature,PID Error,PID Integral,PID Derivative,PID Output
2000.0,38.13,38.5,38.31,1.0,130.0,60.0,21.69,10.0,10.84,1.3
5095.0,38.13,38.0,38.06,1.0,130.0,60.0,21.94,10.0,0.08,1.13
7095.0,38.13,38.5,38.31,1.0,130.0,60.0,21.69,10.0,-0.12,1.12
9095.0,38.13,38.5,38.31,1.0,130.0,60.0,21.69,10.0,0.0,1.12
11095.0,38.13,38.75,38.44,1.0,130.0,60.0,21.56,10.0,-0.06,1.11
13095.0,38.13,38.75,38.44,1.0,130.0,60.0,21.56,10.0,0.0,1.11
15095.0,38.13,39.25,38.69,1.0,130.0,60.0,21.31,10.0,-0.12,1.1
17095.0,38.13,38.75,38.44,1.0,130.0,60.0,21.56,10.0,0.12,1.11
19095.0,38.13,39.0,38.56,1.0,130.0,60.0,21.44,10.0,-0.06,1.1
21095.0,38.13,39.0,38.56,1.0,130.0,60.0,21.44,10.0,0.0,1.11
23095.0,38.13,39.25,38.69,1.0,130.0,60.0,21.31,10.0,-0.06,1.1
25095.0,38.19,39.25,38.72,1.0,130.0,60.0,21.28,10.0,-0.02,1.1
27095.0,38.13,39.5,38.81,1.0,130.0,60.0,21.19,10.0,-0.05,1.09
29095.0,38.19,39.75,38.97,1.0,130.0,60.0,21.03,10.0,-0.08,1.08
31095.0,38.19,39.5,38.84,1.0,130.0,60.0,21.16,10.0,0.06,1.09
33095.0,38.25,39.75,39.0,1.0,130.0,60.0,21.0,10.0,-0.08,1.08
35095.0,38.31,39.75,39.03,1.0,130.0,60.0,20.97,10.0,-0.02,1.08
37095.0,38.31,40.0,39.16,1.0,130.0,60.0,20.84,10.0,-0.06,1.07
39095.0,38.38,40.0,39.19,1.0,130.0,60.0,20.81,10.0,-0.02,1.07
41095.0,38.44,40.25,39.34,1.0,130.0,60.0,20.66,10.0,-0.08,1.06
43095.0,38.44,40.25,39.34,1.0,130.0,60.0,20.66,10.0,0.0,1.07
45095.0,38.56,40.5,39.53,1.0,130.0,60.0,20.47,10.0,-0.09,1.06
47095.0,38.63,40.5,39.56,1.0,130.0,60.0,20.44,10.0,-0.02,1.05
49095.0,38.69,40.5,39.59,1.0,130.0,60.0,20.41,10.0,-0.02,1.05
51095.0,38.75,40.75,39.75,1.0,130.0,60.0,20.25,10.0,-0.08,1.04
53095.0,38.81,40.75,39.78,1.0,130.0,60.0,20.22,10.0,-0.02,1.04
55095.0,38.88,40.75,39.81,1.0,130.0,60.0,20.19,10.0,-0.02,1.04
57095.0,38.94,40.75,39.84,1.0,130.0,60.0,20.16,10.0,-0.02,1.04
59095.0,39.0,41.0,40.0,1.0,130.0,60.0,20.0,10.0,-0.08,1.03
61095.0,39.0,41.0,40.0,1.0,130.0,60.0,20.0,10.0,0.0,1.03
63095.0,39.06,41.0,40.03,1.0,130.0,60.0,19.97,10.0,-0.02,1.03
65095.0,39.19,41.25,40.22,1.0,130.0,60.0,19.78,10.0,-0.09,1.02
67095.0,39.19,41.5,40.34,1.0,130.0,60.0,19.66,10.0,-0.06,1.02
69095.0,39.31,41.25,40.28,1.0,130.0,60.0,19.72,10.0,0.03,1.02
71095.0,39.38,41.5,40.44,1.0,130.0,60.0,19.56,10.0,-0.08,1.01
73095.0,39.38,41.5,40.44,1.0,130.0,60.0,19.56,10.0,0.0,1.01
75095.0,39.5,41.5,40.5,1.0,130.0,60.0,19.5,10.0,-0.03,1.01
77095.0,39.56,41.75,40.66,1.0,130.0,60.0,19.34,10.0,-0.08,1.0
79095.0,39.63,41.75,40.69,1.0,130.0,60.0,19.31,10.0,-0.02,1.0
81095.0,39.69,41.75,40.72,1.0,130.0,60.0,19.28,10.0,-0.02,1.0
83095.0,39.75,42.0,40.88,1.0,130.0,60.0,19.12,10.0,-0.08,0.99
85095.0,39.81,42.0,40.91,1.0,130.0,60.0,19.09,10.0,-0.02,0.99
87095.0,39.88,42.0,40.94,1.0,130.0,60.0,19.06,10.0,-0.02,0.99
89095.0,39.94,42.0,40.97,1.0,130.0,60.0,19.03,10.0,-0.02,0.98
91095.0,40.0,42.0,41.0,1.0,130.0,60.0,19.0,10.0,-0.02,0.98
93095.0,40.06,42.0,41.03,1.0,130.0,60.0,18.97,10.0,-0.02,0.98
95095.0,40.13,42.25,41.19,1.0,130.0,60.0,18.81,10.0,-0.08,0.97
97095.0,40.19,42.0,41.09,1.0,130.0,60.0,18.91,10.0,0.05,0.98
99095.0,40.25,42.25,41.25,1.0,130.0,60.0,18.75,10.0,-0.08,0.97
101095.0,40.31,42.25,41.28,1.0,130.0,60.0,18.72,10.0,-0.02,0.97
103095.0,40.38,42.25,41.31,1.0,130.0,60.0,18.69,10.0,-0.02,0.97
105095.0,40.44,42.5,41.47,1.0,130.0,60.0,18.53,10.0,-0.08,0.96
107095.0,40.5,42.5,41.5,1.0,130.0,60.0,18.5,10.0,-0.02,0.96
109095.0,40.56,42.5,41.53,1.0,130.0,60.0,18.47,10.0,-0.02,0.96
111095.0,40.63,42.5,41.56,1.0,130.0,60.0,18.44,10.0,-0.02,0.95
113095.0,40.69,42.5,41.59,1.0,130.0,60.0,18.41,10.0,-0.02,0.95
115095.0,40.75,42.75,41.75,1.0,130.0,60.0,18.25,10.0,-0.08,0.94
117095.0,40.81,43.0,41.91,1.0,130.0,60.0,18.09,10.0,-0.08,0.94
119095.0,40.88,43.0,41.94,1.0,130.0,60.0,18.06,10.0,-0.02,0.94
121095.0,40.94,43.25,42.09,1.0,130.0,60.0,17.91,10.0,-0.08,0.93
123095.0,41.0,43.0,42.0,1.0,130.0,60.0,18.0,10.0,0.05,0.93
125095.0,41.06,43.25,42.16,1.0,130.0,60.0,17.84,10.0,-0.08,0.92
127095.0,41.13,43.25,42.19,1.0,130.0,60.0,17.81,10.0,-0.02,0.92
129095.0,41.19,43.25,42.22,1.0,130.0,60.0,17.78,10.0,-0.02,0.92
131095.0,41.25,43.25,42.25,1.0,130.0,60.0,17.75,10.0,-0.02,0.92
133095.0,41.31,43.5,42.41,1.0,130.0,60.0,17.59,10.0,-0.08,0.91
135095.0,41.38,43.5,42.44,1.0,130.0,60.0,17.56,10.0,-0.02,0.91
137095.0,41.44,43.75,42.59,1.0,130.0,60.0,17.41,10.0,-0.08,0.9
139095.0,41.5,43.75,42.63,1.0,130.0,60.0,17.37,10.0,-0.02,0.9
141095.0,41.56,43.75,42.66,1.0,130.0,60.0,17.34,10.0,-0.02,0.9
143095.0,41.63,43.75,42.69,1.0,130.0,60.0,17.31,10.0,-0.02,0.9
145095.0,41.69,43.75,42.72,1.0,130.0,60.0,17.28,10.0,-0.02,0.9
147095.0,41.75,44.0,42.88,1.0,130.0,60.0,17.12,10.0,-0.08,0.89
149095.0,41.81,44.25,43.03,1.0,130.0,60.0,16.97,10.0,-0.08,0.88
151095.0,41.88,44.0,42.94,1.0,130.0,60.0,17.06,10.0,0.05,0.89
153095.0,41.94,44.25,43.09,1.0,130.0,60.0,16.91,10.0,-0.08,0.88
155095.0,42.0,44.5,43.25,1.0,130.0,60.0,16.75,10.0,-0.08,0.87
157095.0,42.06,44.5,43.28,1.0,130.0,60.0,16.72,10.0,-0.02,0.87
159095.0,42.13,44.5,43.31,1.0,130.0,60.0,16.69,10.0,-0.02,0.87
161095.0,42.19,44.5,43.34,1.0,130.0,60.0,16.66,10.0,-0.02,0.87
163095.0,42.25,44.75,43.5,1.0,130.0,60.0,16.5,10.0,-0.08,0.86
165095.0,42.31,45.0,43.66,1.0,130.0,60.0,16.34,10.0,-0.08,0.85
167095.0,42.38,44.75,43.56,1.0,130.0,60.0,16.44,10.0,0.05,0.86
169095.0,42.44,45.0,43.72,1.0,130.0,60.0,16.28,10.0,-0.08,0.85
171095.0,42.5,45.0,43.75,1.0,130.0,60.0,16.25,10.0,-0.02,0.85
173095.0,42.56,45.25,43.91,1.0,130.0,60.0,16.09,10.0,-0.08,0.84
175095.0,42.63,45.0,43.81,1.0,130.0,60.0,16.19,10.0,0.05,0.84
177095.0,42.69,45.25,43.97,1.0,130.0,60.0,16.03,10.0,-0.08,0.83
179095.0,42.81,45.25,44.03,1.0,130.0,60.0,15.97,10.0,-0.03,0.83
181095.0,42.81,45.25,44.03,1.0,130.0,60.0,15.97,10.0,0.0,0.83
183095.0,42.88,45.5,44.19,1.0,130.0,60.0,15.81,10.0,-0.08,0.82
185095.0,42.94,45.25,44.09,1.0,130.0,60.0,15.91,10.0,0.05,0.83
187095.0,43.0,45.5,44.25,1.0,130.0,60.0,15.75,10.0,-0.08,0.82
189095.0,43.06,45.5,44.28,1.0,130.0,60.0,15.72,10.0,-0.02,0.82
191095.0,43.13,45.75,44.44,1.0,130.0,60.0,15.56,10.0,-0.08,0.81
193095.0,43.19,45.75,44.47,1.0,130.0,60.0,15.53,10.0,-0.02,0.81
195095.0,43.25,45.75,44.5,1.0,130.0,60.0,15.5,10.0,-0.02,0.81
197095.0,43.31,46.0,44.66,1.0,130.0,60.0,15.34,10.0,-0.08,0.8
199095.0,43.38,46.0,44.69,1.0,130.0,60.0,15.31,10.0,-0.02,0.8
201095.0,43.44,46.0,44.72,1.0,130.0,60.0,15.28,10.0,-0.02,0.8
203095.0,43.56,46.0,44.78,1.0,130.0,60.0,15.22,10.0,-0.03,0.79
205095.0,43.63,46.25,44.94,1.0,130.0,60.0,15.06,10.0,-0.08,0.79
207095.0,43.63,46.25,44.94,1.0,130.0,60.0,15.06,10.0,0.0,0.79
209095.0,43.69,46.25,44.97,1.0,130.0,60.0,15.03,10.0,-0.02,0.78
211095.0,43.75,46.5,45.13,1.0,130.0,60.0,14.88,10.0,-0.08,0.78
213095.0,43.81,46.5,45.16,1.0,130.0,60.0,14.84,10.0,-0.02,0.78
215095.0,43.88,46.5,45.19,1.0,130.0,60.0,14.81,10.0,-0.02,0.77
217095.0,43.94,46.5,45.22,1.0,130.0,60.0,14.78,10.0,-0.02,0.77
219095.0,44.06,46.75,45.41,1.0,130.0,60.0,14.59,10.0,-0.09,0.76
221095.0,44.06,46.75,45.41,1.0,130.0,60.0,14.59,10.0,0.0,0.76
223095.0,44.13,46.75,45.44,1.0,130.0,60.0,14.56,10.0,-0.02,0.76
225095.0,44.19,46.75,45.47,1.0,130.0,60.0,14.53,10.0,-0.02,0.76
227095.0,44.25,47.0,45.63,1.0,130.0,60.0,14.38,10.0,-0.08,0.75
229095.0,44.31,47.0,45.66,1.0,130.0,60.0,14.34,10.0,-0.02,0.75
231095.0,44.38,47.0,45.69,1.0,130.0,60.0,14.31,10.0,-0.02,0.75
233095.0,44.44,47.0,45.72,1.0,130.0,60.0,14.28,10.0,-0.02,0.75
235095.0,44.5,47.0,45.75,1.0,130.0,60.0,14.25,10.0,-0.02,0.75
237095.0,44.56,47.25,45.91,1.0,130.0,60.0,14.09,10.0,-0.08,0.74
239095.0,44.63,47.25,45.94,1.0,130.0,60.0,14.06,10.0,-0.02,0.74
241095.0,44.69,47.25,45.97,1.0,130.0,60.0,14.03,10.0,-0.02,0.73
243095.0,44.75,47.25,46.0,1.0,130.0,60.0,14.0,10.0,-0.02,0.73
245095.0,44.81,47.25,46.03,1.0,130.0,60.0,13.97,10.0,-0.02,0.73
247095.0,44.88,47.5,46.19,1.0,130.0,60.0,13.81,10.0,-0.08,0.72
249095.0,44.94,47.5,46.22,1.0,130.0,60.0,13.78,10.0,-0.02,0.72
251095.0,45.0,47.5,46.25,1.0,130.0,60.0,13.75,10.0,-0.02,0.72
253095.0,45.06,47.75,46.41,1.0,130.0,60.0,13.59,10.0,-0.08,0.71
255095.0,45.13,47.75,46.44,1.0,130.0,60.0,13.56,10.0,-0.02,0.71
257095.0,45.19,48.0,46.59,1.0,130.0,60.0,13.41,10.0,-0.08,0.7
259095.0,45.25,47.75,46.5,1.0,130.0,60.0,13.5,10.0,0.05,0.71
261095.0,45.31,48.0,46.66,1.0,130.0,60.0,13.34,10.0,-0.08,0.7
263095.0,45.38,48.0,46.69,1.0,130.0,60.0,13.31,10.0,-0.02,0.7
265095.0,45.44,48.0,46.72,1.0,130.0,60.0,13.28,10.0,-0.02,0.7
267095.0,45.5,48.25,46.88,1.0,130.0,60.0,13.13,10.0,-0.08,0.69
269095.0,45.56,48.25,46.91,1.0,130.0,60.0,13.09,10.0,-0.02,0.69
271095.0,45.63,48.5,47.06,1.0,130.0,60.0,12.94,10.0,-0.08,0.68
273095.0,45.69,48.25,46.97,1.0,130.0,60.0,13.03,10.0,0.05,0.69
275095.0,45.75,48.5,47.13,1.0,130.0,60.0,12.88,10.0,-0.08,0.68
277095.0,45.81,48.5,47.16,1.0,130.0,60.0,12.84,10.0,-0.02,0.68
279095.0,45.88,48.75,47.31,1.0,130.0,60.0,12.69,10.0,-0.08,0.67
281095.0,45.94,48.75,47.34,1.0,130.0,60.0,12.66,10.0,-0.02,0.67
283095.0,45.94,49.0,47.47,1.0,130.0,60.0,12.53,10.0,-0.06,0.66
285095.0,46.0,49.0,47.5,1.0,130.0,60.0,12.5,10.0,-0.02,0.66
287095.0,46.06,49.0,47.53,1.0,130.0,60.0,12.47,10.0,-0.02,0.66
289095.0,46.13,49.0,47.56,1.0,130.0,60.0,12.44,10.0,-0.02,0.65
291095.0,46.19,49.0,47.59,1.0,130.0,60.0,12.41,10.0,-0.02,0.65
293095.0,46.25,49.25,47.75,1.0,130.0,60.0,12.25,10.0,-0.08,0.64
295095.0,46.31,49.25,47.78,1.0,130.0,60.0,12.22,10.0,-0.02,0.64
297095.0,46.38,49.25,47.81,1.0,130.0,60.0,12.19,10.0,-0.02,0.64
299095.0,46.44,49.25,47.84,1.0,130.0,60.0,12.16,10.0,-0.02,0.64
301095.0,46.5,49.5,48.0,1.0,130.0,60.0,12.0,10.0,-0.08,0.63
303095.0,46.56,49.5,48.03,1.0,130.0,60.0,11.97,10.0,-0.02,0.63
305095.0,46.63,49.5,48.06,1.0,130.0,60.0,11.94,10.0,-0.02,0.63
307095.0,46.69,49.5,48.09,1.0,130.0,60.0,11.91,10.0,-0.02,0.63
309095.0,46.75,49.5,48.13,1.0,130.0,60.0,11.88,10.0,-0.02,0.63
311095.0,46.81,49.5,48.16,1.0,130.0,60.0,11.84,10.0,-0.02,0.63
313095.0,46.88,49.75,48.31,1.0,130.0,60.0,11.69,10.0,-0.08,0.62
315095.0,46.94,49.75,48.34,1.0,130.0,60.0,11.66,10.0,-0.02,0.62
317095.0,47.0,49.75,48.38,1.0,130.0,60.0,11.63,10.0,-0.02,0.61
319095.0,47.06,49.75,48.41,1.0,130.0,60.0,11.59,10.0,-0.02,0.61
321095.0,47.13,50.0,48.56,1.0,130.0,60.0,11.44,10.0,-0.08,0.6
323095.0,47.19,50.0,48.59,1.0,130.0,60.0,11.41,10.0,-0.02,0.6
325095.0,47.25,50.0,48.63,1.0,130.0,60.0,11.38,10.0,-0.02,0.6
327095.0,47.31,50.0,48.66,1.0,130.0,60.0,11.34,10.0,-0.02,0.6
329095.0,47.38,50.0,48.69,1.0,130.0,60.0,11.31,10.0,-0.02,0.6
331095.0,47.44,50.25,48.84,1.0,130.0,60.0,11.16,10.0,-0.08,0.59
333095.0,47.5,50.0,48.75,1.0,130.0,60.0,11.25,10.0,0.05,0.6
335095.0,47.56,50.25,48.91,1.0,130.0,60.0,11.09,10.0,-0.08,0.59
337095.0,47.63,50.25,48.94,1.0,130.0,60.0,11.06,10.0,-0.02,0.59
339095.0,47.69,50.25,48.97,1.0,130.0,60.0,11.03,10.0,-0.02,0.58
341095.0,47.69,50.25,48.97,1.0,130.0,60.0,11.03,10.0,0.0,0.58
343095.0,47.75,50.25,49.0,1.0,130.0,60.0,11.0,10.0,-0.02,0.58
345095.0,47.81,50.25,49.03,1.0,130.0,60.0,10.97,10.0,-0.02,0.58
347095.0,47.88,50.5,49.19,1.0,130.0,60.0,10.81,10.0,-0.08,0.57
349095.0,47.94,50.5,49.22,1.0,130.0,60.0,10.78,10.0,-0.02,0.57
351095.0,48.0,50.5,49.25,1.0,130.0,60.0,10.75,10.0,-0.02,0.57
353095.0,48.06,50.5,49.28,1.0,130.0,60.0,10.72,10.0,-0.02,0.57
355095.0,48.13,50.5,49.31,1.0,130.0,60.0,10.69,10.0,-0.02,0.57
357095.0,48.19,50.5,49.34,1.0,130.0,60.0,10.66,10.0,-0.02,0.57
359095.0,48.25,50.75,49.5,1.0,130.0,60.0,10.5,10.0,-0.08,0.56
361095.0,48.31,50.75,49.53,1.0,130.0,60.0,10.47,10.0,-0.02,0.56
363095.0,48.38,50.75,49.56,1.0,130.0,60.0,10.44,10.0,-0.02,0.55
365095.0,48.44,51.0,49.72,1.0,130.0,60.0,10.28,10.0,-0.08,0.55
367095.0,48.5,51.0,49.75,1.0,130.0,60.0,10.25,10.0,-0.02,0.55
369095.0,48.56,51.0,49.78,1.0,130.0,60.0,10.22,10.0,-0.02,0.54
371095.0,48.63,51.0,49.81,1.0,130.0,60.0,10.19,10.0,-0.02,0.54
373095.0,48.69,51.0,49.84,1.0,130.0,60.0,10.16,10.0,-0.02,0.54
375095.0,48.75,51.0,49.88,1.0,130.0,60.0,10.13,10.0,-0.02,0.54
377095.0,48.81,51.0,49.91,1.0,130.0,60.0,10.09,10.0,-0.02,0.54
379095.0,48.88,51.0,49.94,1.0,130.0,60.0,10.06,10.0,-0.02,0.54
381095.0,48.94,51.25,50.09,1.0,130.0,60.0,9.91,10.0,-0.08,0.53
383095.0,49.0,51.25,50.13,1.0,130.0,60.0,9.88,10.0,-0.02,0.53
385095.0,49.06,51.25,50.16,1.0,130.0,60.0,9.84,10.0,-0.02,0.53
387095.0,49.13,51.25,50.19,1.0,130.0,60.0,9.81,10.0,-0.02,0.52
389095.0,49.13,51.5,50.31,1.0,130.0,60.0,9.69,10.0,-0.06,0.52
391095.0,49.25,51.5,50.38,1.0,130.0,60.0,9.63,10.0,-0.03,0.51
393095.0,49.25,51.5,50.38,1.0,130.0,60.0,9.63,10.0,0.0,0.51
395095.0,49.31,51.5,50.41,1.0,130.0,60.0,9.59,10.0,-0.02,0.51
397095.0,49.38,51.75,50.56,1.0,130.0,60.0,9.44,10.0,-0.08,0.5
399095.0,49.44,51.5,50.47,1.0,130.0,60.0,9.53,10.0,0.05,0.51
401095.0,49.5,51.75,50.63,1.0,130.0,60.0,9.38,10.0,-0.08,0.5
403095.0,49.63,51.75,50.69,1.0,130.0,60.0,9.31,10.0,-0.03,0.5
405095.0,49.63,52.0,50.81,1.0,130.0,60.0,9.19,10.0,-0.06,0.49
407095.0,49.69,51.75,50.72,1.0,130.0,60.0,9.28,10.0,0.05,0.5
409095.0,49.75,52.0,50.88,1.0,130.0,60.0,9.13,10.0,-0.08,0.49
411095.0,49.81,52.0,50.91,1.0,130.0,60.0,9.09,10.0,-0.02,0.49
413095.0,49.88,52.0,50.94,1.0,130.0,60.0,9.06,10.0,-0.02,0.49
415095.0,49.88,52.25,51.06,1.0,130.0,60.0,8.94,10.0,-0.06,0.48
417095.0,49.94,52.0,50.97,1.0,130.0,60.0,9.03,10.0,0.05,0.49
419095.0,50.0,52.25,51.13,1.0,130.0,60.0,8.88,10.0,-0.08,0.48
421095.0,50.06,52.25,51.16,1.0,130.0,60.0,8.84,10.0,-0.02,0.48
423095.0,50.13,52.25,51.19,1.0,130.0,60.0,8.81,10.0,-0.02,0.47
425095.0,50.19,52.5,51.34,1.0,130.0,60.0,8.66,10.0,-0.08,0.46
427095.0,50.25,52.5,51.38,1.0,130.0,60.0,8.63,10.0,-0.02,0.46
429095.0,50.31,52.25,51.28,1.0,130.0,60.0,8.72,10.0,0.05,0.47
431095.0,50.38,52.5,51.44,1.0,130.0,60.0,8.56,10.0,-0.08,0.46
433095.0,50.44,52.5,51.47,1.0,130.0,60.0,8.53,10.0,-0.02,0.46
435095.0,50.5,52.5,51.5,1.0,130.0,60.0,8.5,10.0,-0.02,0.46
437095.0,50.63,52.75,51.69,1.0,130.0,60.0,8.31,10.0,-0.09,0.45
439095.0,50.69,52.5,51.59,1.0,130.0,60.0,8.41,10.0,0.05,0.45
441095.0,50.69,52.75,51.72,1.0,130.0,60.0,8.28,10.0,-0.06,0.45
443095.0,50.75,52.5,51.63,1.0,130.0,60.0,8.38,10.0,0.05,0.45
445095.0,50.81,52.75,51.78,1.0,130.0,60.0,8.22,10.0,-0.08,0.44
447095.0,50.88,52.75,51.81,1.0,130.0,60.0,8.19,10.0,-0.02,0.44
449095.0,50.88,53.0,51.94,1.0,130.0,60.0,8.06,10.0,-0.06,0.44
451095.0,50.94,53.25,52.09,1.0,130.0,60.0,7.91,10.0,-0.08,0.43
453095.0,51.0,53.25,52.13,1.0,130.0,60.0,7.88,10.0,-0.02,0.43
455095.0,51.06,53.5,52.28,1.0,130.0,60.0,7.72,10.0,-0.08,0.42
457095.0,51.06,53.25,52.16,1.0,130.0,60.0,7.84,10.0,0.06,0.43
459095.0,51.19,53.25,52.22,1.0,130.0,60.0,7.78,10.0,-0.03,0.42
461095.0,51.19,53.5,52.34,1.0,130.0,60.0,7.66,10.0,-0.06,0.42
463095.0,51.25,53.25,52.25,1.0,130.0,60.0,7.75,10.0,0.05,0.42
465095.0,51.31,53.75,52.53,1.0,130.0,60.0,7.47,10.0,-0.14,0.4
467095.0,51.38,53.75,52.56,1.0,130.0,60.0,7.44,10.0,-0.02,0.4
469095.0,51.44,53.5,52.47,1.0,130.0,60.0,7.53,10.0,0.05,0.41
471095.0,51.56,54.0,52.78,1.0,130.0,60.0,7.22,10.0,-0.16,0.39
473095.0,51.63,54.0,52.81,1.0,130.0,60.0,7.19,10.0,-0.02,0.39
475095.0,51.69,54.0,52.84,1.0,130.0,60.0,7.16,10.0,-0.02,0.39
477095.0,51.75,54.25,53.0,1.0,130.0,60.0,7.0,10.0,-0.08,0.38
479095.0,51.81,54.0,52.91,1.0,130.0,60.0,7.09,10.0,0.05,0.39
481095.0,51.88,54.0,52.94,1.0,130.0,60.0,7.06,10.0,-0.02,0.39
483095.0,51.88,54.25,53.06,1.0,130.0,60.0,6.94,10.0,-0.06,0.38
485095.0,51.94,54.25,53.09,1.0,130.0,60.0,6.91,10.0,-0.02,0.38
487095.0,51.94,54.25,53.09,1.0,130.0,60.0,6.91,10.0,0.0,0.38
489095.0,52.0,54.25,53.13,1.0,130.0,60.0,6.88,10.0,-0.02,0.38
491095.0,52.06,54.25,53.16,1.0,130.0,60.0,6.84,10.0,-0.02,0.38
493095.0,52.13,54.75,53.44,1.0,130.0,60.0,6.56,10.0,-0.14,0.36
495095.0,52.19,54.25,53.22,1.0,130.0,60.0,6.78,10.0,0.11,0.37
497095.0,52.25,54.5,53.38,1.0,130.0,60.0,6.63,10.0,-0.08,0.36
499095.0,52.25,54.5,53.38,1.0,130.0,60.0,6.63,10.0,0.0,0.36
501095.0,52.38,54.75,53.56,1.0,130.0,60.0,6.44,10.0,-0.09,0.35
503095.0,52.38,55.0,53.69,1.0,130.0,60.0,6.31,10.0,-0.06,0.35
505095.0,52.44,54.75,53.59,1.0,130.0,60.0,6.41,10.0,0.05,0.35
507095.0,52.5,55.0,53.75,1.0,130.0,60.0,6.25,10.0,-0.08,0.34
509095.0,52.56,55.0,53.78,1.0,130.0,60.0,6.22,10.0,-0.02,0.34
511095.0,52.56,55.25,53.91,1.0,130.0,60.0,6.09,10.0,-0.06,0.34
513095.0,52.69,55.0,53.84,1.0,130.0,60.0,6.16,10.0,0.03,0.34
515095.0,52.69,55.25,53.97,1.0,130.0,60.0,6.03,10.0,-0.06,0.33
517095.0,52.81,55.5,54.16,1.0,130.0,60.0,5.84,10.0,-0.09,0.32
519095.0,52.88,55.5,54.19,1.0,130.0,60.0,5.81,10.0,-0.02,0.32
521095.0,52.88,55.75,54.31,1.0,130.0,60.0,5.69,10.0,-0.06,0.32
523095.0,52.94,55.5,54.22,1.0,130.0,60.0,5.78,10.0,0.05,0.32
525095.0,53.0,55.5,54.25,1.0,130.0,60.0,5.75,10.0,-0.02,0.32
527095.0,53.06,55.5,54.28,1.0,130.0,60.0,5.72,10.0,-0.02,0.32
529095.0,53.13,55.75,54.44,1.0,130.0,60.0,5.56,10.0,-0.08,0.31
531095.0,53.19,55.75,54.47,1.0,130.0,60.0,5.53,10.0,-0.02,0.31
533095.0,53.25,55.75,54.5,1.0,130.0,60.0,5.5,10.0,-0.02,0.31
535095.0,53.31,56.0,54.66,1.0,130.0,60.0,5.34,10.0,-0.08,0.3
537095.0,53.31,56.0,54.66,1.0,130.0,60.0,5.34,10.0,0.0,0.3
539095.0,53.38,56.0,54.69,1.0,130.0,60.0,5.31,10.0,-0.02,0.3
541095.0,53.44,56.0,54.72,1.0,130.0,60.0,5.28,10.0,-0.02,0.3
543095.0,53.5,56.0,54.75,1.0,130.0,60.0,5.25,10.0,-0.02,0.3
545095.0,53.56,56.0,54.78,1.0,130.0,60.0,5.22,10.0,-0.02,0.29
547095.0,53.63,56.25,54.94,1.0,130.0,60.0,5.06,10.0,-0.08,0.29
549095.0,53.63,56.25,54.94,1.0,130.0,60.0,5.06,10.0,0.0,0.29
551095.0,53.69,56.25,54.97,1.0,130.0,60.0,5.03,10.0,-0.02,0.28
553095.0,53.75,56.25,55.0,1.0,130.0,60.0,5.0,10.0,-0.02,0.28
555095.0,53.81,56.25,55.03,1.0,130.0,60.0,4.97,10.0,-0.02,0.28
557095.0,53.88,56.25,55.06,1.0,130.0,60.0,4.94,10.0,-0.02,0.28
559095.0,53.94,56.5,55.22,1.0,130.0,60.0,4.78,10.0,-0.08,0.27
561095.0,54.0,56.5,55.25,1.0,130.0,60.0,4.75,10.0,-0.02,0.27
563095.0,54.06,56.5,55.28,1.0,130.0,60.0,4.72,10.0,-0.02,0.27
565095.0,54.06,56.75,55.41,1.0,130.0,60.0,4.59,10.0,-0.06,0.26
567095.0,54.13,56.75,55.44,1.0,130.0,60.0,4.56,10.0,-0.02,0.26
569095.0,54.25,56.75,55.5,1.0,130.0,60.0,4.5,10.0,-0.03,0.26
571095.0,54.25,56.75,55.5,1.0,130.0,60.0,4.5,10.0,0.0,0.26
573095.0,54.31,56.75,55.53,1.0,130.0,60.0,4.47,10.0,-0.02,0.26
575095.0,54.38,56.75,55.56,1.0,130.0,60.0,4.44,10.0,-0.02,0.25
577095.0,54.44,57.0,55.72,1.0,130.0,60.0,4.28,10.0,-0.08,0.25
579095.0,54.5,56.75,55.63,1.0,130.0,60.0,4.38,10.0,0.05,0.25
581095.0,54.5,57.0,55.75,1.0,130.0,60.0,4.25,10.0,-0.06,0.24
583095.0,54.56,57.0,55.78,1.0,130.0,60.0,4.22,10.0,-0.02,0.24
585095.0,54.63,57.0,55.81,1.0,130.0,60.0,4.19,10.0,-0.02,0.24
587095.0,54.69,57.25,55.97,1.0,130.0,60.0,4.03,10.0,-0.08,0.23
589095.0,54.75,57.25,56.0,1.0,130.0,60.0,4.0,10.0,-0.02,0.23
591095.0,54.81,57.25,56.03,1.0,130.0,60.0,3.97,10.0,-0.02,0.23
593095.0,54.88,57.5,56.19,1.0,130.0,60.0,3.81,10.0,-0.08,0.22
595095.0,54.88,57.25,56.06,1.0,130.0,60.0,3.94,10.0,0.06,0.23
597095.0,54.94,57.5,56.22,1.0,130.0,60.0,3.78,10.0,-0.08,0.22
599095.0,55.0,57.5,56.25,1.0,130.0,60.0,3.75,10.0,-0.02,0.22
601095.0,55.06,57.75,56.41,1.0,130.0,60.0,3.59,10.0,-0.08,0.21
603095.0,55.06,57.5,56.28,1.0,130.0,60.0,3.72,10.0,0.06,0.22
605095.0,55.13,57.75,56.44,1.0,130.0,60.0,3.56,10.0,-0.08,0.21
607095.0,55.19,57.75,56.47,1.0,130.0,60.0,3.53,10.0,-0.02,0.21
609095.0,55.25,58.0,56.63,1.0,130.0,60.0,3.38,10.0,-0.08,0.2
611095.0,55.31,58.0,56.66,1.0,130.0,60.0,3.34,10.0,-0.02,0.2
613095.0,55.38,58.0,56.69,1.0,130.0,60.0,3.31,10.0,-0.02,0.2
615095.0,55.44,58.0,56.72,1.0,130.0,60.0,3.28,10.0,-0.02,0.2
617095.0,55.5,58.25,56.88,1.0,130.0,60.0,3.13,10.0,-0.08,0.19
619095.0,55.5,58.0,56.75,1.0,130.0,60.0,3.25,10.0,0.06,0.2
621095.0,55.56,58.25,56.91,1.0,130.0,60.0,3.09,10.0,-0.08,0.19
623095.0,55.63,58.25,56.94,1.0,130.0,60.0,3.06,10.0,-0.02,0.19
625095.0,55.69,58.25,56.97,1.0,130.0,60.0,3.03,10.0,-0.02,0.18
627095.0,55.75,58.25,57.0,1.0,130.0,60.0,3.0,10.0,-0.02,0.18
629095.0,55.75,58.25,57.0,1.0,130.0,60.0,3.0,10.0,0.0,0.18
631095.0,55.88,58.5,57.19,1.0,130.0,60.0,2.81,10.0,-0.09,0.17
633095.0,55.88,58.5,57.19,1.0,130.0,60.0,2.81,10.0,0.0,0.17
635095.0,55.94,58.5,57.22,1.0,130.0,60.0,2.78,10.0,-0.02,0.17
637095.0,56.0,58.5,57.25,1.0,130.0,60.0,2.75,10.0,-0.02,0.17
639095.0,56.06,58.5,57.28,1.0,130.0,60.0,2.72,10.0,-0.02,0.17
641095.0,56.06,58.75,57.41,1.0,130.0,60.0,2.59,10.0,-0.06,0.16
643095.0,56.13,58.75,57.44,1.0,130.0,60.0,2.56,10.0,-0.02,0.16
645095.0,56.19,58.75,57.47,1.0,130.0,60.0,2.53,10.0,-0.02,0.16
647095.0,56.25,59.0,57.63,1.0,130.0,60.0,2.38,10.0,-0.08,0.15
649095.0,56.31,59.0,57.66,1.0,130.0,60.0,2.34,10.0,-0.02,0.15
651095.0,56.38,59.0,57.69,1.0,130.0,60.0,2.31,10.0,-0.02,0.15
653095.0,56.44,59.0,57.72,1.0,130.0,60.0,2.28,10.0,-0.02,0.15
655095.0,56.5,59.0,57.75,1.0,130.0,60.0,2.25,10.0,-0.02,0.15
657095.0,56.5,59.0,57.75,1.0,130.0,60.0,2.25,10.0,0.0,0.15
659095.0,56.56,59.0,57.78,1.0,130.0,60.0,2.22,10.0,-0.02,0.14
661095.0,56.63,59.0,57.81,1.0,130.0,60.0,2.19,10.0,-0.02,0.14
663095.0,56.63,59.0,57.81,1.0,130.0,60.0,2.19,10.0,0.0,0.14
665095.0,56.69,59.25,57.97,1.0,130.0,60.0,2.03,10.0,-0.08,0.13
667095.0,56.75,59.25,58.0,1.0,130.0,60.0,2.0,10.0,-0.02,0.13
669095.0,56.75,59.25,58.0,1.0,130.0,60.0,2.0,10.0,0.0,0.13
671095.0,56.81,59.25,58.03,1.0,130.0,60.0,1.97,10.0,-0.02,0.13
673095.0,56.88,59.5,58.19,1.0,130.0,60.0,1.81,10.0,-0.08,0.12
675095.0,56.94,59.5,58.22,1.0,130.0,60.0,1.78,10.0,-0.02,0.12
677095.0,57.0,59.5,58.25,1.0,130.0,60.0,1.75,10.0,-0.02,0.12
679095.0,57.06,59.75,58.41,1.0,130.0,60.0,1.59,10.0,-0.08,0.11
681095.0,57.13,59.5,58.31,1.0,130.0,60.0,1.69,10.0,0.05,0.12
683095.0,57.13,59.75,58.44,1.0,130.0,60.0,1.56,10.0,-0.06,0.11
685095.0,57.19,59.75,58.47,1.0,130.0,60.0,1.53,10.0,-0.02,0.11
687095.0,57.25,59.75,58.5,1.0,130.0,60.0,1.5,10.0,-0.02,0.11
689095.0,57.25,59.75,58.5,1.0,130.0,60.0,1.5,10.0,0.0,0.11
691095.0,57.38,59.75,58.56,1.0,130.0,60.0,1.44,10.0,-0.03,0.1
693095.0,57.38,59.75,58.56,1.0,130.0,60.0,1.44,10.0,0.0,0.11
695095.0,57.44,60.0,58.72,1.0,130.0,60.0,1.28,10.0,-0.08,0.1
697095.0,57.56,60.0,58.78,1.0,130.0,60.0,1.22,10.0,-0.03,0.09
699095.0,57.63,60.0,58.81,1.0,130.0,60.0,1.19,10.0,-0.02,0.09
701095.0,57.63,60.0,58.81,1.0,130.0,60.0,1.19,10.0,0.0,0.09
703095.0,57.69,60.0,58.84,1.0,130.0,60.0,1.16,10.0,-0.02,0.09
705095.0,57.75,60.25,59.0,1.0,130.0,60.0,1.0,10.0,-0.08,0.08
707095.0,57.75,60.25,59.0,1.0,130.0,60.0,1.0,10.0,0.0,0.08
709095.0,57.81,60.25,59.03,1.0,130.0,60.0,0.97,10.0,-0.02,0.08
711095.0,57.88,60.25,59.06,1.0,130.0,60.0,0.94,10.0,-0.02,0.08
713095.0,57.88,60.5,59.19,1.0,130.0,60.0,0.81,10.0,-0.06,0.07
715095.0,57.94,60.25,59.09,1.0,130.0,60.0,0.91,10.0,0.05,0.08
717095.0,57.94,60.25,59.09,1.0,130.0,60.0,0.91,10.0,0.0,0.08
719095.0,58.06,60.25,59.16,1.0,130.0,60.0,0.84,10.0,-0.03,0.07
721095.0,58.06,60.5,59.28,1.0,130.0,60.0,0.72,10.0,-0.06,0.07
723095.0,58.13,60.25,59.19,1.0,130.0,60.0,0.81,10.0,0.05,0.07
725095.0,58.19,60.75,59.47,1.0,130.0,60.0,0.53,10.0,-0.14,0.06
727095.0,58.25,60.5,59.38,1.0,130.0,60.0,0.63,10.0,0.05,0.07
729095.0,58.25,60.75,59.5,1.0,130.0,60.0,0.5,10.0,-0.06,0.06
731095.0,58.31,60.75,59.53,1.0,130.0,60.0,0.47,10.0,-0.02,0.06
733095.0,58.38,60.75,59.56,1.0,130.0,60.0,0.44,10.0,-0.02,0.05
735095.0,58.44,60.75,59.59,1.0,130.0,60.0,0.41,10.0,-0.02,0.05
737095.0,58.44,60.75,59.59,1.0,130.0,60.0,0.41,10.0,0.0,0.05
739095.0,58.5,60.75,59.63,1.0,130.0,60.0,0.37,10.0,-0.02,0.05
741095.0,58.56,60.75,59.66,1.0,130.0,60.0,0.34,10.0,-0.02,0.05
743095.0,58.63,61.0,59.81,1.0,130.0,60.0,0.19,10.0,-0.08,0.04
745095.0,58.69,61.0,59.84,1.0,130.0,60.0,0.16,10.0,-0.02,0.04
747095.0,58.69,61.0,59.84,1.0,130.0,60.0,0.16,10.0,0.0,0.04
749095.0,58.75,61.0,59.88,1.0,130.0,60.0,0.12,10.0,-0.02,0.04
751095.0,58.81,61.25,60.03,1.0,130.0,60.0,-0.03,9.94,-0.08,0.03
753095.0,58.88,61.25,60.06,1.0,130.0,60.0,-0.06,9.81,-0.02,0.03
755095.0,58.88,61.0,59.94,1.0,130.0,60.0,0.06,9.94,0.06,0.04
757095.0,58.94,61.0,59.97,1.0,130.0,60.0,0.03,10.0,-0.02,0.03
759095.0,59.0,61.25,60.13,1.0,130.0,60.0,-0.12,9.75,-0.08,0.02
761095.0,59.06,61.25,60.16,1.0,130.0,60.0,-0.16,9.44,-0.02,0.02
763095.0,59.06,61.25,60.16,1.0,130.0,60.0,-0.16,9.13,0.0,0.02
765095.0,59.13,61.25,60.19,1.0,130.0,60.0,-0.19,8.75,-0.02,0.02
767095.0,59.19,61.25,60.22,1.0,130.0,60.0,-0.22,8.31,-0.02,0.02
769095.0,59.19,61.25,60.22,1.0,130.0,60.0,-0.22,7.88,0.0,0.02
771095.0,59.25,61.5,60.38,1.0,130.0,60.0,-0.37,7.13,-0.08,0.0
773095.0,59.31,61.5,60.41,1.0,130.0,60.0,-0.41,6.31,-0.02,0.0
775095.0,59.38,61.5,60.44,1.0,129.48,60.0,-0.44,5.44,-0.02,-0.0
777095.0,59.44,61.75,60.59,0.98,127.29,60.0,-0.59,4.25,-0.08,-0.02
779095.0,59.44,61.5,60.47,0.97,125.82,60.0,-0.47,3.31,0.06,-0.01
781095.0,59.5,61.75,60.63,0.94,122.48,60.0,-0.63,2.06,-0.08,-0.03
783095.0,59.56,61.75,60.66,0.91,118.5,60.0,-0.66,0.75,-0.02,-0.03
785095.0,59.56,61.75,60.66,0.88,113.99,60.0,-0.66,-0.56,0.0,-0.03
787095.0,59.63,61.75,60.69,0.84,108.65,60.0,-0.69,-1.94,-0.02,-0.04
789095.0,59.69,61.75,60.72,0.79,102.48,60.0,-0.72,-3.38,-0.02,-0.05
791095.0,59.75,61.75,60.75,0.73,95.46,60.0,-0.75,-4.88,-0.02,-0.05
793095.0,59.81,61.75,60.78,0.67,87.56,60.0,-0.78,-6.44,-0.02,-0.06
795095.0,59.81,62.0,60.91,0.6,77.96,60.0,-0.91,-8.25,-0.06,-0.07
797095.0,59.88,61.75,60.81,0.53,68.5,60.0,-0.81,-9.88,0.05,-0.07
799095.0,59.94,62.0,60.97,0.44,57.7,60.0,-0.97,-10.0,-0.08,-0.08
801095.0,59.94,62.0,60.97,0.36,47.07,60.0,-0.97,-10.0,0.0,-0.08
803095.0,60.0,62.0,61.0,0.28,36.2,60.0,-1.0,-10.0,-0.02,-0.08
805095.0,60.06,62.0,61.03,0.19,25.13,60.0,-1.03,-10.0,-0.02,-0.09
807095.0,60.13,62.0,61.06,0.11,13.86,60.0,-1.06,-10.0,-0.02,-0.09
809095.0,60.19,62.25,61.22,0.01,1.44,60.0,-1.22,-10.0,-0.08,-0.1
811095.0,60.19,62.25,61.22,0.0,0.0,60.0,-1.22,-10.0,0.0,-0.09
813095.0,60.25,62.25,61.25,0.0,0.0,60.0,-1.25,-10.0,-0.02,-0.1
815095.0,60.31,62.25,61.28,0.0,0.0,60.0,-1.28,-10.0,-0.02,-0.1
817095.0,60.31,62.5,61.41,0.0,0.0,60.0,-1.41,-10.0,-0.06,-0.1
819095.0,60.38,62.5,61.44,0.0,0.0,60.0,-1.44,-10.0,-0.02,-0.11
821095.0,60.44,62.25,61.34,0.0,0.0,60.0,-1.34,-10.0,0.05,-0.1
823095.0,60.44,62.5,61.47,0.0,0.0,60.0,-1.47,-10.0,-0.06,-0.11
825095.0,60.5,62.75,61.63,0.0,0.0,60.0,-1.63,-10.0,-0.08,-0.12
827095.0,60.56,62.5,61.53,0.0,0.0,60.0,-1.53,-10.0,0.05,-0.11
829095.0,60.63,62.5,61.56,0.0,0.0,60.0,-1.56,-10.0,-0.02,-0.11
831095.0,60.69,62.5,61.59,0.0,0.0,60.0,-1.59,-10.0,-0.02,-0.11
833095.0,60.69,62.75,61.72,0.0,0.0,60.0,-1.72,-10.0,-0.06,-0.12
835095.0,60.75,62.75,61.75,0.0,0.0,60.0,-1.75,-10.0,-0.02,-0.12
837095.0,60.81,62.75,61.78,0.0,0.0,60.0,-1.78,-10.0,-0.02,-0.12
839095.0,60.81,62.75,61.78,0.0,0.0,60.0,-1.78,-10.0,0.0,-0.12
841095.0,60.88,62.75,61.81,0.0,0.0,60.0,-1.81,-10.0,-0.02,-0.12
843095.0,60.94,63.0,61.97,0.0,0.0,60.0,-1.97,-10.0,-0.08,-0.13
845095.0,61.06,63.0,62.03,0.0,0.0,60.0,-2.03,-10.0,-0.03,-0.14
848325.0,61.06,63.0,62.03,0.0,0.0,60.0,-2.03,-10.0,0.0,-0.13
850325.0,61.13,63.0,62.06,0.0,0.0,60.0,-2.06,-10.0,-0.02,-0.14
853549.0,61.19,63.0,62.09,0.0,0.0,60.0,-2.09,-10.0,-0.01,-0.14
855549.0,61.19,63.0,62.09,0.0,0.0,60.0,-2.09,-10.0,0.0,-0.14
857549.0,61.25,63.25,62.25,0.0,0.0,60.0,-2.25,-10.0,-0.08,-0.15
859549.0,61.31,63.25,62.28,0.0,0.0,60.0,-2.28,-10.0,-0.02,-0.15
861549.0,61.38,63.25,62.31,0.0,0.0,60.0,-2.31,-10.0,-0.02,-0.15
863549.0,61.38,63.25,62.31,0.0,0.0,60.0,-2.31,-10.0,0.0,-0.15
865549.0,61.5,63.5,62.5,0.0,0.0,60.0,-2.5,-10.0,-0.09,-0.16
868772.0,61.5,63.5,62.5,0.0,0.0,60.0,-2.5,-10.0,0.0,-0.16
870772.0,61.56,63.5,62.53,0.0,0.0,60.0,-2.53,-10.0,-0.02,-0.16
872772.0,61.63,63.5,62.56,0.0,0.0,60.0,-2.56,-10.0,-0.02,-0.16
874772.0,61.69,63.75,62.72,0.0,0.0,60.0,-2.72,-10.0,-0.08,-0.17
877996.0,61.75,63.75,62.75,0.0,0.0,60.0,-2.75,-10.0,-0.01,-0.17
879996.0,61.75,63.75,62.75,0.0,0.0,60.0,-2.75,-10.0,0.0,-0.17
881996.0,61.88,63.75,62.81,0.0,0.0,60.0,-2.81,-10.0,-0.03,-0.17
885219.0,61.88,63.75,62.81,0.0,0.0,60.0,-2.81,-10.0,0.0,-0.17
887219.0,61.94,64.0,62.97,0.0,0.0,60.0,-2.97,-10.0,-0.08,-0.18
889219.0,61.94,64.0,62.97,0.0,0.0,60.0,-2.97,-10.0,0.0,-0.18
891219.0,62.0,64.0,63.0,0.0,0.0,60.0,-3.0,-10.0,-0.02,-0.18
893219.0,62.06,64.25,63.16,0.0,0.0,60.0,-3.16,-10.0,-0.08,-0.19
895219.0,62.13,64.0,63.06,0.0,0.0,60.0,-3.06,-10.0,0.05,-0.19
897219.0,62.13,64.25,63.19,0.0,0.0,60.0,-3.19,-10.0,-0.06,-0.19
899219.0,62.19,64.0,63.09,0.0,0.0,60.0,-3.09,-10.0,0.05,-0.19
901219.0,62.25,64.25,63.25,0.0,0.0,60.0,-3.25,-10.0,-0.08,-0.2
903219.0,62.31,64.0,63.16,0.0,0.0,60.0,-3.16,-10.0,0.05,-0.19
905219.0,62.31,64.25,63.28,0.0,0.0,60.0,-3.28,-10.0,-0.06,-0.2
907219.0,62.38,64.0,63.19,0.0,0.0,60.0,-3.19,-10.0,0.05,-0.19
909219.0,62.44,64.0,63.22,0.0,0.0,60.0,-3.22,-10.0,-0.02,-0.19
911219.0,62.44,63.75,63.09,0.0,0.0,60.0,-3.09,-10.0,0.06,-0.19
913219.0,62.5,63.5,63.0,0.0,0.0,60.0,-3.0,-10.0,0.05,-0.18
915219.0,62.5,63.75,63.13,0.0,0.0,60.0,-3.13,-10.0,-0.06,-0.19
917219.0,62.5,63.5,63.0,0.0,0.0,60.0,-3.0,-10.0,0.06,-0.18
919219.0,62.5,63.25,62.88,0.0,0.0,60.0,-2.88,-10.0,0.06,-0.18
921219.0,62.56,63.5,63.03,0.0,0.0,60.0,-3.03,-10.0,-0.08,-0.19
923219.0,62.56,63.5,63.03,0.0,0.0,60.0,-3.03,-10.0,0.0,-0.18
925219.0,62.56,63.25,62.91,0.0,0.0,60.0,-2.91,-10.0,0.06,-0.18
927219.0,62.5,63.25,62.88,0.0,0.0,60.0,-2.88,-10.0,0.02,-0.18
929219.0,62.5,63.0,62.75,0.0,0.0,60.0,-2.75,-10.0,0.06,-0.17
931219.0,62.5,63.0,62.75,0.0,0.0,60.0,-2.75,-10.0,0.0,-0.17
933219.0,62.5,63.25,62.88,0.0,0.0,60.0,-2.88,-10.0,-0.06,-0.18
935219.0,62.5,63.0,62.75,0.0,0.0,60.0,-2.75,-10.0,0.06,-0.17
937219.0,62.5,63.0,62.75,0.0,0.0,60.0,-2.75,-10.0,0.0,-0.17
939219.0,62.44,63.0,62.72,0.0,0.0,60.0,-2.72,-10.0,0.02,-0.17
941219.0,62.44,63.0,62.72,0.0,0.0,60.0,-2.72,-10.0,0.0,-0.17
943219.0,62.44,62.75,62.59,0.0,0.0,60.0,-2.59,-10.0,0.06,-0.16
945219.0,62.38,63.0,62.69,0.0,0.0,60.0,-2.69,-10.0,-0.05,-0.17
947219.0,62.38,63.0,62.69,0.0,0.0,60.0,-2.69,-10.0,0.0,-0.17
949219.0,62.38,63.0,62.69,0.0,0.0,60.0,-2.69,-10.0,0.0,-0.17
951219.0,62.31,62.75,62.53,0.0,0.0,60.0,-2.53,-10.0,0.08,-0.16
953219.0,62.31,62.75,62.53,0.0,0.0,60.0,-2.53,-10.0,0.0,-0.16
955219.0,62.25,62.75,62.5,0.0,0.0,60.0,-2.5,-10.0,0.02,-0.16
957219.0,62.25,62.75,62.5,0.0,0.0,60.0,-2.5,-10.0,0.0,-0.16
959219.0,62.25,62.75,62.5,0.0,0.0,60.0,-2.5,-10.0,0.0,-0.16
961219.0,62.19,62.5,62.34,0.0,0.0,60.0,-2.34,-10.0,0.08,-0.15
963219.0,62.19,62.25,62.22,0.0,0.0,60.0,-2.22,-10.0,0.06,-0.14
965219.0,62.13,62.75,62.44,0.0,0.0,60.0,-2.44,-10.0,-0.11,-0.16
967219.0,62.13,62.5,62.31,0.0,0.0,60.0,-2.31,-10.0,0.06,-0.15
969219.0,62.13,62.5,62.31,0.0,0.0,60.0,-2.31,-10.0,0.0,-0.15
971219.0,62.06,62.25,62.16,0.0,0.0,60.0,-2.16,-10.0,0.08,-0.14
973219.0,62.06,62.25,62.16,0.0,0.0,60.0,-2.16,-10.0,0.0,-0.14
975219.0,62.0,62.5,62.25,0.0,0.0,60.0,-2.25,-10.0,-0.05,-0.15
977219.0,61.94,62.25,62.09,0.0,0.0,60.0,-2.09,-10.0,0.08,-0.14
979219.0,61.94,62.0,61.97,0.0,0.0,60.0,-1.97,-10.0,0.06,-0.13
981219.0,61.88,62.25,62.06,0.0,0.0,60.0,-2.06,-10.0,-0.05,-0.14
983219.0,61.88,62.25,62.06,0.0,0.0,60.0,-2.06,-10.0,0.0,-0.14
985219.0,61.81,62.25,62.03,0.0,0.0,60.0,-2.03,-10.0,0.02,-0.13
987219.0,61.81,62.25,62.03,0.0,0.0,60.0,-2.03,-10.0,0.0,-0.13
989219.0,61.75,62.0,61.88,0.0,0.0,60.0,-1.88,-10.0,0.08,-0.13
991219.0,61.75,62.0,61.88,0.0,0.0,60.0,-1.88,-10.0,0.0,-0.13
993219.0,61.69,61.75,61.72,0.0,0.0,60.0,-1.72,-10.0,0.08,-0.12
995219.0,61.69,62.0,61.84,0.0,0.0,60.0,-1.84,-10.0,-0.06,-0.13
997219.0,61.63,61.75,61.69,0.0,0.0,60.0,-1.69,-10.0,0.08,-0.12
999219.0,61.56,62.0,61.78,0.0,0.0,60.0,-1.78,-10.0,-0.05,-0.12
1001219.0,61.56,61.75,61.66,0.0,0.0,60.0,-1.66,-10.0,0.06,-0.12
1003219.0,61.5,61.75,61.63,0.0,0.0,60.0,-1.63,-10.0,0.02,-0.11
1005219.0,61.5,61.75,61.63,0.0,0.0,60.0,-1.63,-10.0,0.0,-0.11
1007219.0,61.5,61.75,61.63,0.0,0.0,60.0,-1.63,-10.0,0.0,-0.11
1009219.0,61.44,61.75,61.59,0.0,0.0,60.0,-1.59,-10.0,0.02,-0.11
1011219.0,61.44,61.75,61.59,0.0,0.0,60.0,-1.59,-10.0,0.0,-0.11
1013219.0,61.38,61.75,61.56,0.0,0.0,60.0,-1.56,-10.0,0.02,-0.11
1015219.0,61.38,61.75,61.56,0.0,0.0,60.0,-1.56,-10.0,0.0,-0.11
1017219.0,61.31,61.75,61.53,0.0,0.0,60.0,-1.53,-10.0,0.02,-0.11
1019219.0,61.25,61.5,61.38,0.0,0.0,60.0,-1.37,-10.0,0.08,-0.1
1021219.0,61.25,61.75,61.5,0.0,0.0,60.0,-1.5,-10.0,-0.06,-0.11
1023219.0,61.19,61.75,61.47,0.0,0.0,60.0,-1.47,-10.0,0.02,-0.11
1025219.0,61.19,61.75,61.47,0.0,0.0,60.0,-1.47,-10.0,0.0,-0.11
1027219.0,61.13,61.5,61.31,0.0,0.0,60.0,-1.31,-10.0,0.08,-0.1
1029219.0,61.06,61.5,61.28,0.0,0.0,60.0,-1.28,-10.0,0.02,-0.1
1031219.0,61.06,61.5,61.28,0.0,0.0,60.0,-1.28,-10.0,0.0,-0.1
1033219.0,61.0,61.5,61.25,0.0,0.0,60.0,-1.25,-10.0,0.02,-0.1
1035219.0,60.94,61.75,61.34,0.0,0.0,60.0,-1.34,-10.0,-0.05,-0.1
1037219.0,60.94,61.5,61.22,0.0,0.0,60.0,-1.22,-10.0,0.06,-0.09
1039219.0,60.88,61.5,61.19,0.0,0.0,60.0,-1.19,-10.0,0.02,-0.09
1041219.0,60.88,61.5,61.19,0.0,0.0,60.0,-1.19,-10.0,0.0,-0.09
1043219.0,60.88,61.5,61.19,0.0,0.0,60.0,-1.19,-10.0,0.0,-0.09
1045219.0,60.81,61.5,61.16,0.0,0.0,60.0,-1.16,-10.0,0.02,-0.09
1047219.0,60.81,61.5,61.16,0.0,0.0,60.0,-1.16,-10.0,0.0,-0.09
1049219.0,60.75,61.5,61.13,0.0,0.0,60.0,-1.12,-10.0,0.02,-0.09
1051219.0,60.69,61.5,61.09,0.0,0.0,60.0,-1.09,-10.0,0.02,-0.09
1053219.0,60.69,61.25,60.97,0.0,0.0,60.0,-0.97,-10.0,0.06,-0.08
1055219.0,60.69,61.25,60.97,0.0,0.0,60.0,-0.97,-10.0,0.0,-0.08
1057219.0,60.69,61.25,60.97,0.0,0.0,60.0,-0.97,-10.0,0.0,-0.08
1059219.0,60.63,61.25,60.94,0.0,0.0,60.0,-0.94,-10.0,0.02,-0.08
1061219.0,60.63,61.25,60.94,0.0,0.0,60.0,-0.94,-10.0,0.0,-0.08
1063219.0,60.56,61.25,60.91,0.0,0.0,60.0,-0.91,-10.0,0.02,-0.08
1065219.0,60.56,61.0,60.78,0.0,0.0,60.0,-0.78,-10.0,0.06,-0.07
1067219.0,60.5,61.0,60.75,0.0,0.0,60.0,-0.75,-10.0,0.02,-0.07
1069219.0,60.44,61.0,60.72,0.0,0.0,60.0,-0.72,-10.0,0.02,-0.07
1071219.0,60.44,61.0,60.72,0.0,0.0,60.0,-0.72,-10.0,0.0,-0.07
1073219.0,60.44,61.0,60.72,0.0,0.0,60.0,-0.72,-10.0,0.0,-0.07
1075219.0,60.38,61.0,60.69,0.0,0.0,60.0,-0.69,-10.0,0.02,-0.07
1077219.0,60.38,61.0,60.69,0.0,0.0,60.0,-0.69,-10.0,0.0,-0.07
1079219.0,60.31,61.0,60.66,0.0,0.0,60.0,-0.66,-10.0,0.02,-0.07
1081219.0,60.31,60.75,60.53,0.0,0.0,60.0,-0.53,-10.0,0.06,-0.06
1083219.0,60.25,60.75,60.5,0.0,0.0,60.0,-0.5,-10.0,0.02,-0.06
1085219.0,60.19,60.75,60.47,0.0,0.0,60.0,-0.47,-10.0,0.02,-0.06
1087219.0,60.13,60.75,60.44,0.0,0.0,60.0,-0.44,-10.0,0.02,-0.05
1089219.0,60.13,60.75,60.44,0.0,0.0,60.0,-0.44,-10.0,0.0,-0.06
1091219.0,60.06,60.75,60.41,0.0,0.0,60.0,-0.41,-10.0,0.02,-0.05
1093219.0,60.06,60.75,60.41,0.0,0.0,60.0,-0.41,-10.0,0.0,-0.05
1095219.0,60.0,60.75,60.38,0.0,0.0,60.0,-0.37,-10.0,0.02,-0.05
1097219.0,60.0,60.5,60.25,0.0,0.0,60.0,-0.25,-10.0,0.06,-0.04
1099219.0,59.94,60.5,60.22,0.0,0.0,60.0,-0.22,-10.0,0.02,-0.04
1101219.0,59.88,60.5,60.19,0.0,0.0,60.0,-0.19,-10.0,0.02,-0.04
1103219.0,59.88,60.5,60.19,0.0,0.0,60.0,-0.19,-10.0,0.0,-0.04
1105219.0,59.81,60.5,60.16,0.0,0.0,60.0,-0.16,-10.0,0.02,-0.04
1107219.0,59.75,60.5,60.13,0.0,0.0,60.0,-0.12,-10.0,0.02,-0.04
1109219.0,59.69,60.25,59.97,0.0,0.0,60.0,0.03,-9.94,0.08,-0.03
1111219.0,59.69,60.25,59.97,0.0,0.0,60.0,0.03,-9.88,0.0,-0.03
1113219.0,59.63,60.25,59.94,0.0,0.0,60.0,0.06,-9.75,0.02,-0.03
1115219.0,59.63,60.25,59.94,0.0,0.0,60.0,0.06,-9.63,0.0,-0.03
1117219.0,59.56,60.25,59.91,0.0,0.0,60.0,0.09,-9.44,0.02,-0.03
1119219.0,59.56,60.0,59.78,0.0,0.0,60.0,0.22,-9.0,0.06,-0.02
1121219.0,59.5,60.0,59.75,0.0,0.0,60.0,0.25,-8.5,0.02,-0.02
1123219.0,59.5,60.0,59.75,0.0,0.0,60.0,0.25,-8.0,0.0,-0.01
1125219.0,59.5,60.0,59.75,0.0,0.0,60.0,0.25,-7.5,0.0,-0.01
1127219.0,59.44,60.0,59.72,0.0,0.0,60.0,0.28,-6.94,0.02,-0.01
1129219.0,59.44,60.25,59.84,0.0,0.0,60.0,0.16,-6.63,-0.06,-0.02
1131219.0,59.38,60.0,59.69,0.0,0.0,60.0,0.31,-6.0,0.08,-0.0
1133219.0,59.38,60.0,59.69,0.0,0.0,60.0,0.31,-5.38,0.0,-0.0
1135219.0,59.31,60.0,59.66,0.0,0.24,60.0,0.34,-4.69,0.02,0.0
1137219.0,59.25,59.75,59.5,0.02,2.06,60.0,0.5,-3.69,0.08,0.01
1139219.0,59.25,59.75,59.5,0.03,4.14,60.0,0.5,-2.69,0.0,0.02
1141219.0,59.19,60.0,59.59,0.05,5.87,60.0,0.41,-1.88,-0.05,0.01
1143219.0,59.13,60.0,59.56,0.06,8.31,60.0,0.44,-1.0,0.02,0.02
1145219.0,59.13,59.75,59.44,0.09,12.16,60.0,0.56,0.12,0.06,0.03
1147219.0,59.06,59.75,59.41,0.13,16.62,60.0,0.59,1.31,0.02,0.03
1149219.0,59.06,59.75,59.41,0.17,21.57,60.0,0.59,2.5,0.0,0.04
1151219.0,59.0,59.5,59.25,0.22,28.34,60.0,0.75,4.0,0.08,0.05
1153219.0,59.0,59.75,59.38,0.27,34.54,60.0,0.63,5.25,-0.06,0.05
1155219.0,58.94,59.75,59.34,0.32,41.69,60.0,0.66,6.56,0.02,0.05
1157219.0,58.94,59.75,59.34,0.38,49.37,60.0,0.66,7.88,0.0,0.06
1159219.0,58.88,59.75,59.31,0.45,57.88,60.0,0.69,9.25,0.02,0.07
1161219.0,58.81,59.75,59.28,0.51,66.92,60.0,0.72,10.0,0.02,0.07
1163219.0,58.81,59.75,59.28,0.58,75.92,60.0,0.72,10.0,0.0,0.07
1165219.0,58.81,59.75,59.28,0.65,84.93,60.0,0.72,10.0,0.0,0.07
1167219.0,58.75,59.75,59.25,0.72,94.17,60.0,0.75,10.0,0.02,0.07
1169219.0,58.75,59.75,59.25,0.8,103.38,60.0,0.75,10.0,0.0,0.07
1171219.0,58.69,59.75,59.22,0.87,112.82,60.0,0.78,10.0,0.02,0.07
1173219.0,58.69,59.75,59.22,0.94,122.23,60.0,0.78,10.0,0.0,0.07
1175219.0,58.69,59.75,59.22,1.0,130.0,60.0,0.78,10.0,0.0,0.07
1177219.0,58.63,60.0,59.31,1.0,130.0,60.0,0.69,10.0,-0.05,0.07
1179219.0,58.63,60.0,59.31,1.0,130.0,60.0,0.69,10.0,0.0,0.07
1181219.0,58.63,60.0,59.31,1.0,130.0,60.0,0.69,10.0,0.0,0.07
1183219.0,58.63,60.25,59.44,1.0,130.0,60.0,0.56,10.0,-0.06,0.06
1185219.0,58.63,60.25,59.44,1.0,130.0,60.0,0.56,10.0,0.0,0.06
1187219.0,58.56,60.5,59.53,1.0,130.0,60.0,0.47,10.0,-0.05,0.06
1189219.0,58.56,60.5,59.53,1.0,130.0,60.0,0.47,10.0,0.0,0.06
1191219.0,58.56,60.5,59.53,1.0,130.0,60.0,0.47,10.0,0.0,0.06
1193219.0,58.56,60.5,59.53,1.0,130.0,60.0,0.47,10.0,0.0,0.06
1195219.0,58.56,60.5,59.53,1.0,130.0,60.0,0.47,10.0,0.0,0.06
1197219.0,58.56,60.75,59.66,1.0,130.0,60.0,0.34,10.0,-0.06,0.05
1199219.0,58.56,60.75,59.66,1.0,130.0,60.0,0.34,10.0,0.0,0.05
1201219.0,58.56,60.75,59.66,1.0,130.0,60.0,0.34,10.0,0.0,0.05
1203219.0,58.63,60.75,59.69,1.0,130.0,60.0,0.31,10.0,-0.02,0.05
1205219.0,58.63,61.0,59.81,1.0,130.0,60.0,0.19,10.0,-0.06,0.04
1207219.0,58.63,61.0,59.81,1.0,130.0,60.0,0.19,10.0,0.0,0.04
1209219.0,58.69,61.0,59.84,1.0,130.0,60.0,0.16,10.0,-0.02,0.04
1211219.0,58.69,61.0,59.84,1.0,130.0,60.0,0.16,10.0,0.0,0.04
1213219.0,58.75,61.25,60.0,1.0,130.0,60.0,0.0,10.0,-0.08,0.03
1215219.0,58.81,61.25,60.03,1.0,130.0,60.0,-0.03,9.94,-0.02,0.03
1217219.0,58.81,61.25,60.03,1.0,130.0,60.0,-0.03,9.88,0.0,0.03
1219219.0,58.88,61.25,60.06,1.0,130.0,60.0,-0.06,9.75,-0.02,0.03
1221219.0,58.94,61.25,60.09,1.0,130.0,60.0,-0.09,9.56,-0.02,0.03
1223219.0,58.94,61.25,60.09,1.0,130.0,60.0,-0.09,9.38,0.0,0.03
1225219.0,59.0,61.5,60.25,1.0,130.0,60.0,-0.25,8.88,-0.08,0.02
1227219.0,59.06,61.5,60.28,1.0,130.0,60.0,-0.28,8.31,-0.02,0.01
1229219.0,59.13,61.5,60.31,1.0,130.0,60.0,-0.31,7.69,-0.02,0.01
1231219.0,59.13,61.75,60.44,1.0,129.97,60.0,-0.44,6.81,-0.06,-0.0
1233219.0,59.19,61.75,60.47,1.0,129.44,60.0,-0.47,5.88,-0.02,-0.0
1235219.0,59.25,61.75,60.5,0.99,128.27,60.0,-0.5,4.88,-0.02,-0.01
1237219.0,59.25,61.75,60.5,0.97,126.7,60.0,-0.5,3.88,0.0,-0.01
1239219.0,59.38,61.75,60.56,0.96,124.16,60.0,-0.56,2.75,-0.03,-0.02
1241219.0,59.38,62.0,60.69,0.92,120.16,60.0,-0.69,1.37,-0.06,-0.03
1243219.0,59.44,61.75,60.59,0.9,116.48,60.0,-0.59,0.19,0.05,-0.03
1245219.0,59.5,61.75,60.63,0.86,111.92,60.0,-0.63,-1.06,-0.02,-0.04
1247219.0,59.56,61.75,60.66,0.82,106.59,60.0,-0.66,-2.38,-0.02,-0.04
1249219.0,59.56,61.75,60.66,0.77,100.73,60.0,-0.66,-3.69,0.0,-0.05
1251219.0,59.63,61.75,60.69,0.72,94.03,60.0,-0.69,-5.06,-0.02,-0.05
1253219.0,59.69,61.75,60.72,0.67,86.51,60.0,-0.72,-6.5,-0.02,-0.06
1255219.0,59.69,61.75,60.72,0.6,78.4,60.0,-0.72,-7.94,0.0,-0.06
1257219.0,59.75,61.75,60.75,0.53,69.4,60.0,-0.75,-9.44,-0.02,-0.07
1259219.0,59.81,61.75,60.78,0.46,59.96,60.0,-0.78,-10.0,-0.02,-0.07
1261219.0,59.88,61.75,60.81,0.39,50.31,60.0,-0.81,-10.0,-0.02,-0.07
1263219.0,59.88,61.75,60.81,0.31,40.69,60.0,-0.81,-10.0,0.0,-0.07
1265219.0,59.88,61.5,60.69,0.25,32.03,60.0,-0.69,-10.0,0.06,-0.07
1267219.0,59.88,61.5,60.69,0.18,23.22,60.0,-0.69,-10.0,0.0,-0.07
1269219.0,59.94,61.5,60.72,0.11,14.18,60.0,-0.72,-10.0,-0.02,-0.07
1271219.0,59.94,61.5,60.72,0.04,5.18,60.0,-0.72,-10.0,0.0,-0.07
1273219.0,59.94,61.25,60.59,0.0,0.0,60.0,-0.59,-10.0,0.06,-0.06
1275219.0,59.94,61.25,60.59,0.0,0.0,60.0,-0.59,-10.0,0.0,-0.06
1277219.0,59.94,61.25,60.59,0.0,0.0,60.0,-0.59,-10.0,0.0,-0.06
1279219.0,60.0,61.25,60.63,0.0,0.0,60.0,-0.63,-10.0,-0.02,-0.06
1281219.0,60.0,61.0,60.5,0.0,0.0,60.0,-0.5,-10.0,0.06,-0.06
1283219.0,59.94,61.0,60.47,0.0,0.0,60.0,-0.47,-10.0,0.02,-0.06
1285219.0,59.94,61.0,60.47,0.0,0.0,60.0,-0.47,-10.0,0.0,-0.06
1287219.0,59.94,61.0,60.47,0.0,0.0,60.0,-0.47,-10.0,0.0,-0.06
1289219.0,59.94,60.75,60.34,0.0,0.0,60.0,-0.34,-10.0,0.06,-0.05
1291219.0,59.94,61.0,60.47,0.0,0.0,60.0,-0.47,-10.0,-0.06,-0.06
1293219.0,59.94,60.75,60.34,0.0,0.0,60.0,-0.34,-10.0,0.06,-0.05
1295219.0,59.94,60.75,60.34,0.0,0.0,60.0,-0.34,-10.0,0.0,-0.05
1297219.0,59.88,60.75,60.31,0.0,0.0,60.0,-0.31,-10.0,0.02,-0.05
1299219.0,59.88,60.75,60.31,0.0,0.0,60.0,-0.31,-10.0,0.0,-0.05
1301219.0,59.88,60.75,60.31,0.0,0.0,60.0,-0.31,-10.0,0.0,-0.05
1303219.0,59.88,61.0,60.44,0.0,0.0,60.0,-0.44,-10.0,-0.06,-0.06
1305219.0,59.81,61.0,60.41,0.0,0.0,60.0,-0.41,-10.0,0.02,-0.05
1307219.0,59.81,60.75,60.28,0.0,0.0,60.0,-0.28,-10.0,0.06,-0.05
1309219.0,59.81,60.75,60.28,0.0,0.0,60.0,-0.28,-10.0,0.0,-0.05
1311219.0,59.81,60.75,60.28,0.0,0.0,60.0,-0.28,-10.0,0.0,-0.05
1313219.0,59.75,60.75,60.25,0.0,0.0,60.0,-0.25,-10.0,0.02,-0.05
1315219.0,59.75,60.75,60.25,0.0,0.0,60.0,-0.25,-10.0,0.0,-0.05
1317219.0,59.75,60.75,60.25,0.0,0.0,60.0,-0.25,-10.0,0.0,-0.05
1319219.0,59.81,60.75,60.28,0.0,0.0,60.0,-0.28,-10.0,-0.02,-0.05
1321219.0,59.81,60.75,60.28,0.0,0.0,60.0,-0.28,-10.0,0.0,-0.05
1323219.0,59.81,60.5,60.16,0.0,0.0,60.0,-0.16,-10.0,0.06,-0.04
1325219.0,59.75,60.5,60.13,0.0,0.0,60.0,-0.12,-10.0,0.02,-0.04
1327219.0,59.75,60.5,60.13,0.0,0.0,60.0,-0.12,-10.0,0.0,-0.04
1329219.0,59.69,60.25,59.97,0.0,0.0,60.0,0.03,-9.94,0.08,-0.03
1331219.0,59.63,60.25,59.94,0.0,0.0,60.0,0.06,-9.81,0.02,-0.03
1333219.0,59.63,60.25,59.94,0.0,0.0,60.0,0.06,-9.69,0.0,-0.03
1335219.0,59.56,60.5,60.03,0.0,0.0,60.0,-0.03,-9.75,-0.05,-0.03
1337219.0,59.5,60.5,60.0,0.0,0.0,60.0,0.0,-9.75,0.02,-0.03
1339219.0,59.5,60.25,59.88,0.0,0.0,60.0,0.12,-9.5,0.06,-0.02
1341219.0,59.44,60.25,59.84,0.0,0.0,60.0,0.16,-9.19,0.02,-0.02
1343219.0,59.44,60.25,59.84,0.0,0.0,60.0,0.16,-8.88,0.0,-0.02
1345219.0,59.44,60.25,59.84,0.0,0.0,60.0,0.16,-8.56,0.0,-0.02
1347219.0,59.38,60.25,59.81,0.0,0.0,60.0,0.19,-8.19,0.02,-0.02
1349219.0,59.38,60.0,59.69,0.0,0.0,60.0,0.31,-7.56,0.06,-0.01
1351219.0,59.31,60.0,59.66,0.0,0.0,60.0,0.34,-6.88,0.02,-0.01
1353219.0,59.31,60.0,59.66,0.0,0.0,60.0,0.34,-6.19,0.0,-0.0
1355219.0,59.25,60.0,59.63,0.0,0.12,60.0,0.37,-5.44,0.02,0.0
1357219.0,59.25,60.0,59.63,0.0,0.52,60.0,0.37,-4.69,0.0,0.0
1359219.0,59.19,60.0,59.59,0.01,1.52,60.0,0.41,-3.88,0.02,0.01
1361219.0,59.19,60.0,59.59,0.02,2.83,60.0,0.41,-3.06,0.0,0.01
1363219.0,59.19,60.0,59.59,0.03,4.5,60.0,0.41,-2.25,0.0,0.01
1365219.0,59.13,60.0,59.56,0.05,6.78,60.0,0.44,-1.37,0.02,0.02
1367219.0,59.13,60.0,59.56,0.07,9.4,60.0,0.44,-0.5,0.0,0.02
1369219.0,59.13,59.75,59.44,0.1,13.47,60.0,0.56,0.63,0.06,0.03
1371219.0,59.13,59.75,59.44,0.14,17.88,60.0,0.56,1.75,0.0,0.03
1373219.0,59.06,59.75,59.41,0.18,23.05,60.0,0.59,2.94,0.02,0.04
1375219.0,59.06,59.75,59.41,0.22,28.69,60.0,0.59,4.13,0.0,0.04
1377219.0,59.0,59.75,59.38,0.27,35.12,60.0,0.63,5.38,0.02,0.05
1379219.0,58.94,59.75,59.34,0.33,42.32,60.0,0.66,6.69,0.02,0.06
1381219.0,58.94,59.75,59.34,0.38,50.05,60.0,0.66,8.0,0.0,0.06
1383219.0,58.94,60.0,59.47,0.44,57.29,60.0,0.53,9.06,-0.06,0.06
1385219.0,58.88,59.75,59.31,0.51,66.27,60.0,0.69,10.0,0.08,0.07
1387219.0,58.81,60.0,59.41,0.57,74.36,60.0,0.59,10.0,-0.05,0.06
1389219.0,58.81,60.0,59.41,0.63,82.55,60.0,0.59,10.0,0.0,0.06
1391219.0,58.81,60.0,59.41,0.7,90.74,60.0,0.59,10.0,0.0,0.06
1393219.0,58.75,60.0,59.38,0.76,99.17,60.0,0.63,10.0,0.02,0.06
1395219.0,58.75,60.0,59.38,0.83,107.57,60.0,0.63,10.0,0.0,0.06
1397219.0,58.75,60.0,59.38,0.89,115.96,60.0,0.63,10.0,0.0,0.06
1399219.0,58.69,60.0,59.34,0.96,124.6,60.0,0.66,10.0,0.02,0.07
1401219.0,58.75,60.25,59.5,1.0,130.0,60.0,0.5,10.0,-0.08,0.06
1403219.0,58.69,60.5,59.59,1.0,130.0,60.0,0.41,10.0,-0.05,0.05
1405219.0,58.69,60.5,59.59,1.0,130.0,60.0,0.41,10.0,0.0,0.05
1407219.0,58.69,60.75,59.72,1.0,130.0,60.0,0.28,10.0,-0.06,0.05
1409219.0,58.69,60.75,59.72,1.0,130.0,60.0,0.28,10.0,0.0,0.05
1411219.0,58.69,60.75,59.72,1.0,130.0,60.0,0.28,10.0,0.0,0.05
1413219.0,58.69,60.75,59.72,1.0,130.0,60.0,0.28,10.0,0.0,0.05
1415219.0,58.69,60.75,59.72,1.0,130.0,60.0,0.28,10.0,0.0,0.05
1417219.0,58.75,61.0,59.88,1.0,130.0,60.0,0.12,10.0,-0.08,0.04
1419219.0,58.75,61.0,59.88,1.0,130.0,60.0,0.12,10.0,0.0,0.04
1421219.0,58.75,61.0,59.88,1.0,130.0,60.0,0.12,10.0,0.0,0.04
1423219.0,58.75,61.0,59.88,1.0,130.0,60.0,0.12,10.0,0.0,0.04
1425219.0,58.81,61.25,60.03,1.0,130.0,60.0,-0.03,9.94,-0.08,0.03
1427219.0,58.88,61.25,60.06,1.0,130.0,60.0,-0.06,9.81,-0.02,0.03
1429219.0,58.88,61.25,60.06,1.0,130.0,60.0,-0.06,9.69,0.0,0.03
1431219.0,58.88,61.25,60.06,1.0,130.0,60.0,-0.06,9.56,0.0,0.03
1433219.0,58.94,61.25,60.09,1.0,130.0,60.0,-0.09,9.38,-0.02,0.03
1435219.0,59.0,61.25,60.13,1.0,130.0,60.0,-0.12,9.13,-0.02,0.02
1437219.0,59.0,61.5,60.25,1.0,130.0,60.0,-0.25,8.63,-0.06,0.02
1439219.0,59.06,61.5,60.28,1.0,130.0,60.0,-0.28,8.06,-0.02,0.01
1441219.0,59.13,61.5,60.31,1.0,130.0,60.0,-0.31,7.44,-0.02,0.01
1443219.0,59.19,61.5,60.34,1.0,130.0,60.0,-0.34,6.75,-0.02,0.01
1445219.0,59.19,61.75,60.47,0.99,129.34,60.0,-0.47,5.81,-0.06,-0.01
1447219.0,59.25,61.75,60.5,0.99,128.14,60.0,-0.5,4.81,-0.02,-0.01
1449219.0,59.31,61.75,60.53,0.97,126.28,60.0,-0.53,3.75,-0.02,-0.01
1451219.0,59.31,61.75,60.53,0.95,123.99,60.0,-0.53,2.69,0.0,-0.02
1453219.0,59.38,61.75,60.56,0.93,120.97,60.0,-0.56,1.56,-0.02,-0.02
1455219.0,59.44,62.0,60.72,0.89,116.19,60.0,-0.72,0.12,-0.08,-0.04
1457219.0,59.5,61.75,60.63,0.86,111.74,60.0,-0.63,-1.12,0.05,-0.03
1459219.0,59.5,61.75,60.63,0.82,106.65,60.0,-0.63,-2.38,0.0,-0.04
1461219.0,59.63,61.75,60.69,0.77,100.49,60.0,-0.69,-3.75,-0.03,-0.05
1463219.0,59.63,61.75,60.69,0.72,93.8,60.0,-0.69,-5.13,0.0,-0.05
1465219.0,59.69,61.75,60.72,0.66,86.25,60.0,-0.72,-6.56,-0.02,-0.06
1467219.0,59.69,61.75,60.72,0.6,78.11,60.0,-0.72,-8.0,0.0,-0.06
1469219.0,59.75,61.75,60.75,0.53,69.08,60.0,-0.75,-9.5,-0.02,-0.07
1471219.0,59.81,62.0,60.91,0.45,58.69,60.0,-0.91,-10.0,-0.08,-0.08
1473219.0,59.81,61.75,60.78,0.38,49.41,60.0,-0.78,-10.0,0.06,-0.07
1475219.0,59.88,61.75,60.81,0.31,39.77,60.0,-0.81,-10.0,-0.02,-0.07
1477219.0,59.88,61.75,60.81,0.23,30.15,60.0,-0.81,-10.0,0.0,-0.07
1479219.0,59.94,61.5,60.72,0.16,21.25,60.0,-0.72,-10.0,0.05,-0.07
1481219.0,59.94,61.75,60.84,0.09,11.29,60.0,-0.84,-10.0,-0.06,-0.08
1483219.0,59.94,61.5,60.72,0.02,2.42,60.0,-0.72,-10.0,0.06,-0.07
1485219.0,59.94,61.5,60.72,0.0,0.0,60.0,-0.72,-10.0,0.0,-0.07
1487219.0,60.0,61.25,60.63,0.0,0.0,60.0,-0.63,-10.0,0.05,-0.06
1489219.0,60.0,61.5,60.75,0.0,0.0,60.0,-0.75,-10.0,-0.06,-0.07
1491219.0,60.0,61.5,60.75,0.0,0.0,60.0,-0.75,-10.0,0.0,-0.07
1493219.0,60.0,61.25,60.63,0.0,0.0,60.0,-0.63,-10.0,0.06,-0.06
1495219.0,60.0,61.25,60.63,0.0,0.0,60.0,-0.63,-10.0,0.0,-0.06
1497219.0,60.0,61.25,60.63,0.0,0.0,60.0,-0.63,-10.0,0.0,-0.06
1499219.0,59.94,61.25,60.59,0.0,0.0,60.0,-0.59,-10.0,0.02,-0.06
1501219.0,59.94,61.25,60.59,0.0,0.0,60.0,-0.59,-10.0,0.0,-0.06
1503219.0,59.94,61.0,60.47,0.0,0.0,60.0,-0.47,-10.0,0.06,-0.06
1505219.0,59.94,61.0,60.47,0.0,0.0,60.0,-0.47,-10.0,0.0,-0.06
1507219.0,59.94,61.0,60.47,0.0,0.0,60.0,-0.47,-10.0,0.0,-0.06
1509219.0,59.94,61.0,60.47,0.0,0.0,60.0,-0.47,-10.0,0.0,-0.06
1511219.0,59.88,61.0,60.44,0.0,0.0,60.0,-0.44,-10.0,0.02,-0.05
1513219.0,59.88,61.0,60.44,0.0,0.0,60.0,-0.44,-10.0,0.0,-0.06
1515219.0,59.88,61.0,60.44,0.0,0.0,60.0,-0.44,-10.0,0.0,-0.06
1517219.0,59.88,60.75,60.31,0.0,0.0,60.0,-0.31,-10.0,0.06,-0.05
1519219.0,59.88,60.75,60.31,0.0,0.0,60.0,-0.31,-10.0,0.0,-0.05
1521219.0,59.81,60.75,60.28,0.0,0.0,60.0,-0.28,-10.0,0.02,-0.05
1523219.0,59.81,61.0,60.41,0.0,0.0,60.0,-0.41,-10.0,-0.06,-0.05
1525219.0,59.81,60.75,60.28,0.0,0.0,60.0,-0.28,-10.0,0.06,-0.05
1527219.0,59.75,60.5,60.13,0.0,0.0,60.0,-0.12,-10.0,0.08,-0.04
1529219.0,59.75,60.75,60.25,0.0,0.0,60.0,-0.25,-10.0,-0.06,-0.05
1531219.0,59.75,60.75,60.25,0.0,0.0,60.0,-0.25,-10.0,0.0,-0.05
1533219.0,59.69,60.75,60.22,0.0,0.0,60.0,-0.22,-10.0,0.02,-0.04
1535219.0,59.69,60.5,60.09,0.0,0.0,60.0,-0.09,-10.0,0.06,-0.04
1537219.0,59.69,60.5,60.09,0.0,0.0,60.0,-0.09,-10.0,0.0,-0.04
1539219.0,59.69,60.5,60.09,0.0,0.0,60.0,-0.09,-10.0,0.0,-0.04
1541219.0,59.69,60.5,60.09,0.0,0.0,60.0,-0.09,-10.0,0.0,-0.04
1543219.0,59.63,60.25,59.94,0.0,0.0,60.0,0.06,-9.88,0.08,-0.03
1545219.0,59.63,60.25,59.94,0.0,0.0,60.0,0.06,-9.75,0.0,-0.03
1547219.0,59.56,60.25,59.91,0.0,0.0,60.0,0.09,-9.56,0.02,-0.03
1549219.0,59.56,60.25,59.91,0.0,0.0,60.0,0.09,-9.38,0.0,-0.03
1551219.0,59.5,60.0,59.75,0.0,0.0,60.0,0.25,-8.88,0.08,-0.02
1553219.0,59.5,60.25,59.88,0.0,0.0,60.0,0.12,-8.63,-0.06,-0.02
1555219.0,59.44,60.0,59.72,0.0,0.0,60.0,0.28,-8.06,0.08,-0.01
1557219.0,59.44,60.0,59.72,0.0,0.0,60.0,0.28,-7.5,0.0,-0.01
1559219.0,59.38,60.0,59.69,0.0,0.0,60.0,0.31,-6.88,0.02,-0.01
1561219.0,59.38,60.25,59.81,0.0,0.0,60.0,0.19,-6.5,-0.06,-0.01
1563219.0,59.31,60.0,59.66,0.0,0.0,60.0,0.34,-5.81,0.08,-0.0
1565219.0,59.31,60.0,59.66,0.0,0.01,60.0,0.34,-5.13,0.0,0.0
1567219.0,59.25,60.0,59.63,0.0,0.59,60.0,0.37,-4.38,0.02,0.0
1569219.0,59.25,59.75,59.5,0.02,2.51,60.0,0.5,-3.38,0.06,0.01
1571219.0,59.19,60.0,59.59,0.03,3.94,60.0,0.41,-2.56,-0.05,0.01
1573219.0,59.19,59.75,59.47,0.05,6.88,60.0,0.53,-1.5,0.06,0.02
1575219.0,59.19,59.75,59.47,0.08,10.14,60.0,0.53,-0.44,0.0,0.03
1577219.0,59.13,59.75,59.44,0.11,14.13,60.0,0.56,0.69,0.02,0.03
1579219.0,59.13,59.75,59.44,0.14,18.57,60.0,0.56,1.81,0.0,0.03
1581219.0,59.06,59.75,59.41,0.18,23.77,60.0,0.59,3.0,0.02,0.04
